{
  "megan_voice_ven_1": {
    "category": "voice",
    "sounds": [{ "name": "megan_voice_ven_1", "stream": true }]
  },
  "megan_voice_ven_2": {
    "category": "voice",
    "sounds": [{ "name": "megan_voice_ven_2", "stream": true }]
  },
  "megan_voice_ven_3": {
    "category": "voice",
    "sounds": [{ "name": "megan_voice_ven_3", "stream": true }]
  },
  "megan_voice_ven_4": {
    "category": "voice",
    "sounds": [{ "name": "megan_voice_ven_4", "stream": true }]
  },
  "megan_voice_ven_5": {
    "category": "voice",
    "sounds": [{ "name": "megan_voice_ven_5", "stream": true }]
  }
}

